<class 'torch.nn.modules.conv.Conv2d'>_calls,<class 'torch.nn.modules.conv.Conv2d'>_macs,<class 'torch.nn.modules.dropout.Dropout'>_calls,<class 'torch.nn.modules.dropout.Dropout'>_macs,<class 'torch.nn.modules.linear.Linear'>_calls,<class 'torch.nn.modules.linear.Linear'>_macs,<class 'torch.nn.modules.normalization.LayerNorm'>_calls,<class 'torch.nn.modules.normalization.LayerNorm'>_macs,act_fn,avg_memory,batch_size,device,device_config,device_idx,dropout,exp_name,input_size,iters,latency,macs,max_memory,model,model_config,num_threads,platform,randomized_text,requires_grad,results_dir,total_nn_calls,total_params,trainable_params,use_channels_last,use_cuda,use_dquant,use_fp16,use_ipex,use_jit,use_tensorrt,<class 'torch.nn.modules.batchnorm.BatchNorm2d'>_calls,<class 'torch.nn.modules.batchnorm.BatchNorm2d'>_macs,<class 'torch.nn.modules.pooling.AdaptiveAvgPool2d'>_calls,<class 'torch.nn.modules.pooling.AdaptiveAvgPool2d'>_macs,<class 'torch.nn.modules.activation.ReLU6'>_calls,<class 'torch.nn.modules.activation.ReLU6'>_macs,<class 'torch.nn.modules.activation.ReLU'>_calls,<class 'torch.nn.modules.activation.ReLU'>_macs,<class 'torch.nn.modules.pooling.MaxPool2d'>_calls,<class 'torch.nn.modules.pooling.MaxPool2d'>_macs,<class 'torch.nn.modules.pooling.AvgPool2d'>_calls,<class 'torch.nn.modules.pooling.AvgPool2d'>_macs,<class 'torch.nn.modules.activation.Softmax'>_calls,<class 'torch.nn.modules.activation.Softmax'>_macs,<class 'torch.nn.modules.conv.Conv1d'>_calls,<class 'torch.nn.modules.conv.Conv1d'>_macs
1.0,115605504.0,37.0,0.0,49.0,4247500800.0,25.0,3840000.0,relu,1486880768.0,"[1, 2, 4, 8, 16, 32, 64, 128]",cuda,config/devices/cuda.yaml,0.0,,pretrained-trt,[224],10.0,8.109956979751584e-07,4366946304.0,1486880768.0,vit32,config/models/vision.yaml,1.0,2080Ti,1.0,0.0,experiments/pretrained,112.0,88224232.0,88224232.0,0.0,0.0,0.0,0.0,0.0,0.0,0.0,,,,,,,,,,,,,,,,
1.0,231211008.0,37.0,0.0,49.0,8495001600.0,25.0,7680000.0,relu,1885339648.0,"[1, 2, 4, 8, 16, 32, 64, 128]",cuda,config/devices/cuda.yaml,0.0,,pretrained-trt,[224],10.0,1.2628734111785887e-06,8733892608.0,1885339648.0,vit32,config/models/vision.yaml,1.0,2080Ti,1.0,0.0,experiments/pretrained,112.0,88224232.0,88224232.0,0.0,0.0,0.0,0.0,0.0,0.0,0.0,,,,,,,,,,,,,,,,
1.0,462422016.0,37.0,0.0,49.0,16990003200.0,25.0,15360000.0,relu,1887436800.0,"[1, 2, 4, 8, 16, 32, 64, 128]",cuda,config/devices/cuda.yaml,0.0,,pretrained-trt,[224],10.0,1.2420117855072019e-06,17467785216.0,1887436800.0,vit32,config/models/vision.yaml,1.0,2080Ti,1.0,0.0,experiments/pretrained,112.0,88224232.0,88224232.0,0.0,0.0,0.0,0.0,0.0,0.0,0.0,,,,,,,,,,,,,,,,
1.0,924844032.0,37.0,0.0,49.0,33980006400.0,25.0,30720000.0,relu,2285895680.0,"[1, 2, 4, 8, 16, 32, 64, 128]",cuda,config/devices/cuda.yaml,0.0,,pretrained-trt,[224],10.0,1.2438744306564328e-06,34935570432.0,2285895680.0,vit32,config/models/vision.yaml,1.0,2080Ti,1.0,0.0,experiments/pretrained,112.0,88224232.0,88224232.0,0.0,0.0,0.0,0.0,0.0,0.0,0.0,,,,,,,,,,,,,,,,
1.0,1849688064.0,37.0,0.0,49.0,67960012800.0,25.0,61440000.0,relu,2285895680.0,"[1, 2, 4, 8, 16, 32, 64, 128]",cuda,config/devices/cuda.yaml,0.0,,pretrained-trt,[224],10.0,1.27740204334259e-06,69871140864.0,2285895680.0,vit32,config/models/vision.yaml,1.0,2080Ti,1.0,0.0,experiments/pretrained,112.0,88224232.0,88224232.0,0.0,0.0,0.0,0.0,0.0,0.0,0.0,,,,,,,,,,,,,,,,
1.0,3699376128.0,37.0,0.0,49.0,135920025600.0,25.0,122880000.0,relu,2285895680.0,"[1, 2, 4, 8, 16, 32, 64, 128]",cuda,config/devices/cuda.yaml,0.0,,pretrained-trt,[224],10.0,1.261010766029358e-06,139742281728.0,2285895680.0,vit32,config/models/vision.yaml,1.0,2080Ti,1.0,0.0,experiments/pretrained,112.0,88224232.0,88224232.0,0.0,0.0,0.0,0.0,0.0,0.0,0.0,,,,,,,,,,,,,,,,
1.0,7398752256.0,37.0,0.0,49.0,271840051200.0,25.0,245760000.0,relu,2478833664.0,"[1, 2, 4, 8, 16, 32, 64, 128]",cuda,config/devices/cuda.yaml,0.0,,pretrained-trt,[224],10.0,8.083879947662355e-07,279484563456.0,2478833664.0,vit32,config/models/vision.yaml,1.0,2080Ti,1.0,0.0,experiments/pretrained,112.0,88224232.0,88224232.0,0.0,0.0,0.0,0.0,0.0,0.0,0.0,,,,,,,,,,,,,,,,
1.0,14797504512.0,37.0,0.0,49.0,543680102400.0,25.0,491520000.0,relu,2776629248.0,"[1, 2, 4, 8, 16, 32, 64, 128]",cuda,config/devices/cuda.yaml,0.0,,pretrained-trt,[224],10.0,7.871538400650026e-07,558969126912.0,2776629248.0,vit32,config/models/vision.yaml,1.0,2080Ti,1.0,0.0,experiments/pretrained,112.0,88224232.0,88224232.0,0.0,0.0,0.0,0.0,0.0,0.0,0.0,,,,,,,,,,,,,,,,
245.0,5360927200.0,,,,,,,relu,1342177280.0,"[1, 2, 4, 8, 16, 32, 64, 128]",cuda,config/devices/cuda.yaml,0.0,,pretrained-trt,[224],10.0,8.311122655868529e-07,5439190496.0,1342177280.0,efficientnet,config/models/vision.yaml,1.0,2080Ti,1.0,0.0,experiments/pretrained,403.0,54139356.0,54139356.0,0.0,0.0,0.0,0.0,0.0,0.0,0.0,157.0,78199296.0,1.0,64000.0,,,,,,,,,,,,
245.0,10721854400.0,,,,,,,relu,1551892480.0,"[1, 2, 4, 8, 16, 32, 64, 128]",cuda,config/devices/cuda.yaml,0.0,,pretrained-trt,[224],10.0,8.493661880493164e-07,10878380992.0,1551892480.0,efficientnet,config/models/vision.yaml,1.0,2080Ti,1.0,0.0,experiments/pretrained,403.0,54139356.0,54139356.0,0.0,0.0,0.0,0.0,0.0,0.0,0.0,157.0,156398592.0,1.0,128000.0,,,,,,,,,,,,
245.0,21443708800.0,,,,,,,relu,1807745024.0,"[1, 2, 4, 8, 16, 32, 64, 128]",cuda,config/devices/cuda.yaml,0.0,,pretrained-trt,[224],10.0,8.244067430496216e-07,21756761984.0,1807745024.0,efficientnet,config/models/vision.yaml,1.0,2080Ti,1.0,0.0,experiments/pretrained,403.0,54139356.0,54139356.0,0.0,0.0,0.0,0.0,0.0,0.0,0.0,157.0,312797184.0,1.0,256000.0,,,,,,,,,,,,
245.0,42887417600.0,,,,,,,relu,2061500416.0,"[1, 2, 4, 8, 16, 32, 64, 128]",cuda,config/devices/cuda.yaml,0.0,,pretrained-trt,[224],10.0,1.179426908493042e-06,43513523968.0,2061500416.0,efficientnet,config/models/vision.yaml,1.0,2080Ti,1.0,0.0,experiments/pretrained,403.0,54139356.0,54139356.0,0.0,0.0,0.0,0.0,0.0,0.0,0.0,157.0,625594368.0,1.0,512000.0,,,,,,,,,,,,
245.0,85774835200.0,,,,,,,relu,2212495360.0,"[1, 2, 4, 8, 16, 32, 64, 128]",cuda,config/devices/cuda.yaml,0.0,,pretrained-trt,[224],10.0,8.203089237213134e-07,87027047936.0,2212495360.0,efficientnet,config/models/vision.yaml,1.0,2080Ti,1.0,0.0,experiments/pretrained,403.0,54139356.0,54139356.0,0.0,0.0,0.0,0.0,0.0,0.0,0.0,157.0,1251188736.0,1.0,1024000.0,,,,,,,,,,,,
245.0,171549670400.0,,,,,,,relu,2548039680.0,"[1, 2, 4, 8, 16, 32, 64, 128]",cuda,config/devices/cuda.yaml,0.0,,pretrained-trt,[224],10.0,8.150935173034669e-07,174054095872.0,2548039680.0,efficientnet,config/models/vision.yaml,1.0,2080Ti,1.0,0.0,experiments/pretrained,403.0,54139356.0,54139356.0,0.0,0.0,0.0,0.0,0.0,0.0,0.0,157.0,2502377472.0,1.0,2048000.0,,,,,,,,,,,,
245.0,343099340800.0,,,,,,,relu,3420454912.0,"[1, 2, 4, 8, 16, 32, 64, 128]",cuda,config/devices/cuda.yaml,0.0,,pretrained-trt,[224],10.0,8.687376976013183e-07,348108191744.0,3420454912.0,efficientnet,config/models/vision.yaml,1.0,2080Ti,1.0,0.0,experiments/pretrained,403.0,54139356.0,54139356.0,0.0,0.0,0.0,0.0,0.0,0.0,0.0,157.0,5004754944.0,1.0,4096000.0,,,,,,,,,,,,
245.0,686198681600.0,,,,,,,relu,4290772992.0,"[1, 2, 4, 8, 16, 32, 64, 128]",cuda,config/devices/cuda.yaml,0.0,,pretrained-trt,[224],10.0,8.385628461837768e-07,696216383488.0,4290772992.0,efficientnet,config/models/vision.yaml,1.0,2080Ti,1.0,0.0,experiments/pretrained,403.0,54139356.0,54139356.0,0.0,0.0,0.0,0.0,0.0,0.0,0.0,157.0,10009509888.0,1.0,8192000.0,,,,,,,,,,,,
64.0,501187680.0,,,,,,,relu,1142947840.0,"[1, 2, 4, 8, 16, 32, 64, 128]",cuda,config/devices/cuda.yaml,0.0,,pretrained-trt,[224],10.0,9.126961231231687e-07,536192992.0,1142947840.0,efficientnet_lite,config/models/vision.yaml,1.0,2080Ti,1.0,0.0,experiments/pretrained,172.0,5416680.0,5416680.0,0.0,0.0,0.0,0.0,0.0,0.0,0.0,64.0,34941312.0,1.0,64000.0,43.0,0.0,,,,,,,,,,
64.0,1002375360.0,,,,,,,relu,1153433600.0,"[1, 2, 4, 8, 16, 32, 64, 128]",cuda,config/devices/cuda.yaml,0.0,,pretrained-trt,[224],10.0,8.545815944671631e-07,1072385984.0,1153433600.0,efficientnet_lite,config/models/vision.yaml,1.0,2080Ti,1.0,0.0,experiments/pretrained,172.0,5416680.0,5416680.0,0.0,0.0,0.0,0.0,0.0,0.0,0.0,64.0,69882624.0,1.0,128000.0,43.0,0.0,,,,,,,,,,
64.0,2004750720.0,,,,,,,relu,1195376640.0,"[1, 2, 4, 8, 16, 32, 64, 128]",cuda,config/devices/cuda.yaml,0.0,,pretrained-trt,[224],10.0,8.378177881240846e-07,2144771968.0,1195376640.0,efficientnet_lite,config/models/vision.yaml,1.0,2080Ti,1.0,0.0,experiments/pretrained,172.0,5416680.0,5416680.0,0.0,0.0,0.0,0.0,0.0,0.0,0.0,64.0,139765248.0,1.0,256000.0,43.0,0.0,,,,,,,,,,
64.0,4009501440.0,,,,,,,relu,1277165568.0,"[1, 2, 4, 8, 16, 32, 64, 128]",cuda,config/devices/cuda.yaml,0.0,,pretrained-trt,[224],10.0,8.769333362579346e-07,4289543936.0,1277165568.0,efficientnet_lite,config/models/vision.yaml,1.0,2080Ti,1.0,0.0,experiments/pretrained,172.0,5416680.0,5416680.0,0.0,0.0,0.0,0.0,0.0,0.0,0.0,64.0,279530496.0,1.0,512000.0,43.0,0.0,,,,,,,,,,
64.0,8019002880.0,,,,,,,relu,1470103552.0,"[1, 2, 4, 8, 16, 32, 64, 128]",cuda,config/devices/cuda.yaml,0.0,,pretrained-trt,[224],10.0,2.2552907466888427e-06,8579087872.0,1470103552.0,efficientnet_lite,config/models/vision.yaml,1.0,2080Ti,1.0,0.0,experiments/pretrained,172.0,5416680.0,5416680.0,0.0,0.0,0.0,0.0,0.0,0.0,0.0,64.0,559060992.0,1.0,1024000.0,43.0,0.0,,,,,,,,,,
64.0,16038005760.0,,,,,,,relu,1835008000.0,"[1, 2, 4, 8, 16, 32, 64, 128]",cuda,config/devices/cuda.yaml,0.0,,pretrained-trt,[224],10.0,9.18656587600708e-07,17158175744.0,1835008000.0,efficientnet_lite,config/models/vision.yaml,1.0,2080Ti,1.0,0.0,experiments/pretrained,172.0,5416680.0,5416680.0,0.0,0.0,0.0,0.0,0.0,0.0,0.0,64.0,1118121984.0,1.0,2048000.0,43.0,0.0,,,,,,,,,,
64.0,32076011520.0,,,,,,,relu,2554331136.0,"[1, 2, 4, 8, 16, 32, 64, 128]",cuda,config/devices/cuda.yaml,0.0,,pretrained-trt,[224],10.0,9.078532457351684e-07,34316351488.0,2554331136.0,efficientnet_lite,config/models/vision.yaml,1.0,2080Ti,1.0,0.0,experiments/pretrained,172.0,5416680.0,5416680.0,0.0,0.0,0.0,0.0,0.0,0.0,0.0,64.0,2236243968.0,1.0,4096000.0,43.0,0.0,,,,,,,,,,
64.0,64152023040.0,,,,,,,relu,3992977408.0,"[1, 2, 4, 8, 16, 32, 64, 128]",cuda,config/devices/cuda.yaml,0.0,,pretrained-trt,[224],10.0,8.922070264816284e-07,68632702976.0,3992977408.0,efficientnet_lite,config/models/vision.yaml,1.0,2080Ti,1.0,0.0,experiments/pretrained,172.0,5416680.0,5416680.0,0.0,0.0,0.0,0.0,0.0,0.0,0.0,64.0,4472487936.0,1.0,8192000.0,43.0,0.0,,,,,,,,,,
45.0,3001948544.0,,,,,,,relu,1205862400.0,"[1, 2, 4, 8, 16, 32, 64, 128]",cuda,config/devices/cuda.yaml,0.0,,pretrained-trt,[224],10.0,8.635222911834717e-07,3002076544.0,1205862400.0,gernet,config/models/vision.yaml,1.0,2080Ti,1.0,0.0,experiments/pretrained,87.0,21142920.0,21142920.0,0.0,0.0,0.0,0.0,0.0,0.0,0.0,,,1.0,128000.0,,,41.0,0.0,,,,,,,,
45.0,6003897088.0,,,,,,,relu,1279262720.0,"[1, 2, 4, 8, 16, 32, 64, 128]",cuda,config/devices/cuda.yaml,0.0,,pretrained-trt,[224],10.0,1.3958662748336792e-06,6004153088.0,1279262720.0,gernet,config/models/vision.yaml,1.0,2080Ti,1.0,0.0,experiments/pretrained,87.0,21142920.0,21142920.0,0.0,0.0,0.0,0.0,0.0,0.0,0.0,,,1.0,256000.0,,,41.0,0.0,,,,,,,,
45.0,12007794176.0,,,,,,,relu,1279262720.0,"[1, 2, 4, 8, 16, 32, 64, 128]",cuda,config/devices/cuda.yaml,0.0,,pretrained-trt,[224],10.0,8.240342140197752e-07,12008306176.0,1279262720.0,gernet,config/models/vision.yaml,1.0,2080Ti,1.0,0.0,experiments/pretrained,87.0,21142920.0,21142920.0,0.0,0.0,0.0,0.0,0.0,0.0,0.0,,,1.0,512000.0,,,41.0,0.0,,,,,,,,
45.0,24015588352.0,,,,,,,relu,1354760192.0,"[1, 2, 4, 8, 16, 32, 64, 128]",cuda,config/devices/cuda.yaml,0.0,,pretrained-trt,[224],10.0,8.109956979751584e-07,24016612352.0,1354760192.0,gernet,config/models/vision.yaml,1.0,2080Ti,1.0,0.0,experiments/pretrained,87.0,21142920.0,21142920.0,0.0,0.0,0.0,0.0,0.0,0.0,0.0,,,1.0,1024000.0,,,41.0,0.0,,,,,,,,
45.0,48031176704.0,,,,,,,relu,1595932672.0,"[1, 2, 4, 8, 16, 32, 64, 128]",cuda,config/devices/cuda.yaml,0.0,,pretrained-trt,[224],10.0,8.605420589447019e-07,48033224704.0,1595932672.0,gernet,config/models/vision.yaml,1.0,2080Ti,1.0,0.0,experiments/pretrained,87.0,21142920.0,21142920.0,0.0,0.0,0.0,0.0,0.0,0.0,0.0,,,1.0,2048000.0,,,41.0,0.0,,,,,,,,
45.0,96062353408.0,,,,,,,relu,1935671296.0,"[1, 2, 4, 8, 16, 32, 64, 128]",cuda,config/devices/cuda.yaml,0.0,,pretrained-trt,[224],10.0,8.113682270050049e-07,96066449408.0,1935671296.0,gernet,config/models/vision.yaml,1.0,2080Ti,1.0,0.0,experiments/pretrained,87.0,21142920.0,21142920.0,0.0,0.0,0.0,0.0,0.0,0.0,0.0,,,1.0,4096000.0,,,41.0,0.0,,,,,,,,
45.0,192124706816.0,,,,,,,relu,2503999488.0,"[1, 2, 4, 8, 16, 32, 64, 128]",cuda,config/devices/cuda.yaml,0.0,,pretrained-trt,[224],10.0,8.337199687957764e-07,192132898816.0,2503999488.0,gernet,config/models/vision.yaml,1.0,2080Ti,1.0,0.0,experiments/pretrained,87.0,21142920.0,21142920.0,0.0,0.0,0.0,0.0,0.0,0.0,0.0,,,1.0,8192000.0,,,41.0,0.0,,,,,,,,
45.0,384249413632.0,,,,,,,relu,3640655872.0,"[1, 2, 4, 8, 16, 32, 64, 128]",cuda,config/devices/cuda.yaml,0.0,,pretrained-trt,[224],10.0,8.493661880493164e-07,384265797632.0,3640655872.0,gernet,config/models/vision.yaml,1.0,2080Ti,1.0,0.0,experiments/pretrained,87.0,21142920.0,21142920.0,0.0,0.0,0.0,0.0,0.0,0.0,0.0,,,1.0,16384000.0,,,41.0,0.0,,,,,,,,
20.0,1813561344.0,,,1.0,512000.0,,,relu,1182793728.0,"[1, 2, 4, 8, 16, 32, 64, 128]",cuda,config/devices/cuda.yaml,0.0,,pretrained-trt,[224],10.0,8.746981620788575e-07,1824033792.0,1182793728.0,resnet18,config/models/vision.yaml,1.0,2080Ti,1.0,0.0,experiments/pretrained,52.0,11689512.0,11689512.0,0.0,0.0,0.0,0.0,0.0,0.0,0.0,20.0,9934848.0,1.0,25600.0,,,9.0,0.0,1.0,0.0,,,,,,
20.0,3627122688.0,,,1.0,1024000.0,,,relu,1231028224.0,"[1, 2, 4, 8, 16, 32, 64, 128]",cuda,config/devices/cuda.yaml,0.0,,pretrained-trt,[224],10.0,8.266419172286988e-07,3648067584.0,1231028224.0,resnet18,config/models/vision.yaml,1.0,2080Ti,1.0,0.0,experiments/pretrained,52.0,11689512.0,11689512.0,0.0,0.0,0.0,0.0,0.0,0.0,0.0,20.0,19869696.0,1.0,51200.0,,,9.0,0.0,1.0,0.0,,,,,,
20.0,7254245376.0,,,1.0,2048000.0,,,relu,1312817152.0,"[1, 2, 4, 8, 16, 32, 64, 128]",cuda,config/devices/cuda.yaml,0.0,,pretrained-trt,[224],10.0,8.545815944671631e-07,7296135168.0,1312817152.0,resnet18,config/models/vision.yaml,1.0,2080Ti,1.0,0.0,experiments/pretrained,52.0,11689512.0,11689512.0,0.0,0.0,0.0,0.0,0.0,0.0,0.0,20.0,39739392.0,1.0,102400.0,,,9.0,0.0,1.0,0.0,,,,,,
20.0,14508490752.0,,,1.0,4096000.0,,,relu,1417674752.0,"[1, 2, 4, 8, 16, 32, 64, 128]",cuda,config/devices/cuda.yaml,0.0,,pretrained-trt,[224],10.0,8.240342140197752e-07,14592270336.0,1417674752.0,resnet18,config/models/vision.yaml,1.0,2080Ti,1.0,0.0,experiments/pretrained,52.0,11689512.0,11689512.0,0.0,0.0,0.0,0.0,0.0,0.0,0.0,20.0,79478784.0,1.0,204800.0,,,9.0,0.0,1.0,0.0,,,,,,
20.0,29016981504.0,,,1.0,8192000.0,,,relu,1522532352.0,"[1, 2, 4, 8, 16, 32, 64, 128]",cuda,config/devices/cuda.yaml,0.0,,pretrained-trt,[224],10.0,8.728355169296266e-07,29184540672.0,1522532352.0,resnet18,config/models/vision.yaml,1.0,2080Ti,1.0,0.0,experiments/pretrained,52.0,11689512.0,11689512.0,0.0,0.0,0.0,0.0,0.0,0.0,0.0,20.0,158957568.0,1.0,409600.0,,,9.0,0.0,1.0,0.0,,,,,,
20.0,58033963008.0,,,1.0,16384000.0,,,relu,1728053248.0,"[1, 2, 4, 8, 16, 32, 64, 128]",cuda,config/devices/cuda.yaml,0.0,,pretrained-trt,[224],10.0,9.551644325256347e-07,58369081344.0,1728053248.0,resnet18,config/models/vision.yaml,1.0,2080Ti,1.0,0.0,experiments/pretrained,52.0,11689512.0,11689512.0,0.0,0.0,0.0,0.0,0.0,0.0,0.0,20.0,317915136.0,1.0,819200.0,,,9.0,0.0,1.0,0.0,,,,,,
20.0,116067926016.0,,,1.0,32768000.0,,,relu,2139095040.0,"[1, 2, 4, 8, 16, 32, 64, 128]",cuda,config/devices/cuda.yaml,0.0,,pretrained-trt,[224],10.0,8.929520845413208e-07,116738162688.0,2139095040.0,resnet18,config/models/vision.yaml,1.0,2080Ti,1.0,0.0,experiments/pretrained,52.0,11689512.0,11689512.0,0.0,0.0,0.0,0.0,0.0,0.0,0.0,20.0,635830272.0,1.0,1638400.0,,,9.0,0.0,1.0,0.0,,,,,,
20.0,232135852032.0,,,1.0,65536000.0,,,relu,3424649216.0,"[1, 2, 4, 8, 16, 32, 64, 128]",cuda,config/devices/cuda.yaml,0.0,,pretrained-trt,[224],10.0,8.996576070785522e-07,233476325376.0,3424649216.0,resnet18,config/models/vision.yaml,1.0,2080Ti,1.0,0.0,experiments/pretrained,52.0,11689512.0,11689512.0,0.0,0.0,0.0,0.0,0.0,0.0,0.0,20.0,1271660544.0,1.0,3276800.0,,,9.0,0.0,1.0,0.0,,,,,,
5.0,655566528.0,2.0,0.0,3.0,58621952.0,,,relu,1340080128.0,"[1, 2, 4, 8, 16, 32, 64, 128]",cuda,config/devices/cuda.yaml,0.0,,pretrained-trt,[224],10.0,8.530914783477783e-07,714206912.0,1340080128.0,alexnet,config/models/vision.yaml,1.0,2080Ti,1.0,0.0,experiments/pretrained,21.0,61100840.0,61100840.0,0.0,0.0,0.0,0.0,0.0,0.0,0.0,,,1.0,18432.0,,,7.0,0.0,3.0,0.0,,,,,,
5.0,1311133056.0,2.0,0.0,3.0,117243904.0,,,relu,1574961152.0,"[1, 2, 4, 8, 16, 32, 64, 128]",cuda,config/devices/cuda.yaml,0.0,,pretrained-trt,[224],10.0,8.180737495422362e-07,1428413824.0,1574961152.0,alexnet,config/models/vision.yaml,1.0,2080Ti,1.0,0.0,experiments/pretrained,21.0,61100840.0,61100840.0,0.0,0.0,0.0,0.0,0.0,0.0,0.0,,,1.0,36864.0,,,7.0,0.0,3.0,0.0,,,,,,
5.0,2622266112.0,2.0,0.0,3.0,234487808.0,,,relu,1577058304.0,"[1, 2, 4, 8, 16, 32, 64, 128]",cuda,config/devices/cuda.yaml,0.0,,pretrained-trt,[224],10.0,8.419156074523927e-07,2856827648.0,1577058304.0,alexnet,config/models/vision.yaml,1.0,2080Ti,1.0,0.0,experiments/pretrained,21.0,61100840.0,61100840.0,0.0,0.0,0.0,0.0,0.0,0.0,0.0,,,1.0,73728.0,,,7.0,0.0,3.0,0.0,,,,,,
5.0,5244532224.0,2.0,0.0,3.0,468975616.0,,,relu,1598029824.0,"[1, 2, 4, 8, 16, 32, 64, 128]",cuda,config/devices/cuda.yaml,0.0,,pretrained-trt,[224],10.0,8.091330528259276e-07,5713655296.0,1598029824.0,alexnet,config/models/vision.yaml,1.0,2080Ti,1.0,0.0,experiments/pretrained,21.0,61100840.0,61100840.0,0.0,0.0,0.0,0.0,0.0,0.0,0.0,,,1.0,147456.0,,,7.0,0.0,3.0,0.0,,,,,,
5.0,10489064448.0,2.0,0.0,3.0,937951232.0,,,relu,1598029824.0,"[1, 2, 4, 8, 16, 32, 64, 128]",cuda,config/devices/cuda.yaml,0.0,,pretrained-trt,[224],10.0,8.07642936706543e-07,11427310592.0,1598029824.0,alexnet,config/models/vision.yaml,1.0,2080Ti,1.0,0.0,experiments/pretrained,21.0,61100840.0,61100840.0,0.0,0.0,0.0,0.0,0.0,0.0,0.0,,,1.0,294912.0,,,7.0,0.0,3.0,0.0,,,,,,
5.0,20978128896.0,2.0,0.0,3.0,1875902464.0,,,relu,1765801984.0,"[1, 2, 4, 8, 16, 32, 64, 128]",cuda,config/devices/cuda.yaml,0.0,,pretrained-trt,[224],10.0,8.426606655120848e-07,22854621184.0,1765801984.0,alexnet,config/models/vision.yaml,1.0,2080Ti,1.0,0.0,experiments/pretrained,21.0,61100840.0,61100840.0,0.0,0.0,0.0,0.0,0.0,0.0,0.0,,,1.0,589824.0,,,7.0,0.0,3.0,0.0,,,,,,
5.0,41956257792.0,2.0,0.0,3.0,3751804928.0,,,relu,1765801984.0,"[1, 2, 4, 8, 16, 32, 64, 128]",cuda,config/devices/cuda.yaml,0.0,,pretrained-trt,[224],10.0,8.463859558105468e-07,45709242368.0,1765801984.0,alexnet,config/models/vision.yaml,1.0,2080Ti,1.0,0.0,experiments/pretrained,21.0,61100840.0,61100840.0,0.0,0.0,0.0,0.0,0.0,0.0,0.0,,,1.0,1179648.0,,,7.0,0.0,3.0,0.0,,,,,,
5.0,83912515584.0,2.0,0.0,3.0,7503609856.0,,,relu,2384461824.0,"[1, 2, 4, 8, 16, 32, 64, 128]",cuda,config/devices/cuda.yaml,0.0,,pretrained-trt,[224],10.0,8.381903171539307e-07,91418484736.0,2384461824.0,alexnet,config/models/vision.yaml,1.0,2080Ti,1.0,0.0,experiments/pretrained,21.0,61100840.0,61100840.0,0.0,0.0,0.0,0.0,0.0,0.0,0.0,,,1.0,2359296.0,,,7.0,0.0,3.0,0.0,,,,,,
26.0,818924576.0,1.0,0.0,,,,,relu,1103101952.0,"[1, 2, 4, 8, 16, 32, 64, 128]",cuda,config/devices/cuda.yaml,0.0,,pretrained-trt,[224],10.0,8.422881364822387e-07,819094576.0,1103101952.0,squeezenet,config/models/vision.yaml,1.0,2080Ti,1.0,0.0,experiments/pretrained,57.0,1248424.0,1248424.0,0.0,0.0,0.0,0.0,0.0,0.0,0.0,,,1.0,170000.0,,,26.0,0.0,3.0,0.0,,,,,,
26.0,1637849152.0,1.0,0.0,,,,,relu,1103101952.0,"[1, 2, 4, 8, 16, 32, 64, 128]",cuda,config/devices/cuda.yaml,0.0,,pretrained-trt,[224],10.0,8.355826139450074e-07,1638189152.0,1103101952.0,squeezenet,config/models/vision.yaml,1.0,2080Ti,1.0,0.0,experiments/pretrained,57.0,1248424.0,1248424.0,0.0,0.0,0.0,0.0,0.0,0.0,0.0,,,1.0,340000.0,,,26.0,0.0,3.0,0.0,,,,,,
26.0,3275698304.0,1.0,0.0,,,,,relu,1134559232.0,"[1, 2, 4, 8, 16, 32, 64, 128]",cuda,config/devices/cuda.yaml,0.0,,pretrained-trt,[224],10.0,8.370727300643919e-07,3276378304.0,1134559232.0,squeezenet,config/models/vision.yaml,1.0,2080Ti,1.0,0.0,experiments/pretrained,57.0,1248424.0,1248424.0,0.0,0.0,0.0,0.0,0.0,0.0,0.0,,,1.0,680000.0,,,26.0,0.0,3.0,0.0,,,,,,
26.0,6551396608.0,1.0,0.0,,,,,relu,1172307968.0,"[1, 2, 4, 8, 16, 32, 64, 128]",cuda,config/devices/cuda.yaml,0.0,,pretrained-trt,[224],10.0,8.516013622283934e-07,6552756608.0,1172307968.0,squeezenet,config/models/vision.yaml,1.0,2080Ti,1.0,0.0,experiments/pretrained,57.0,1248424.0,1248424.0,0.0,0.0,0.0,0.0,0.0,0.0,0.0,,,1.0,1360000.0,,,26.0,0.0,3.0,0.0,,,,,,
26.0,13102793216.0,1.0,0.0,,,,,relu,1319108608.0,"[1, 2, 4, 8, 16, 32, 64, 128]",cuda,config/devices/cuda.yaml,0.0,,pretrained-trt,[224],10.0,8.571892976760864e-07,13105513216.0,1319108608.0,squeezenet,config/models/vision.yaml,1.0,2080Ti,1.0,0.0,experiments/pretrained,57.0,1248424.0,1248424.0,0.0,0.0,0.0,0.0,0.0,0.0,0.0,,,1.0,2720000.0,,,26.0,0.0,3.0,0.0,,,,,,
26.0,26205586432.0,1.0,0.0,,,,,relu,1465909248.0,"[1, 2, 4, 8, 16, 32, 64, 128]",cuda,config/devices/cuda.yaml,0.0,,pretrained-trt,[224],10.0,8.329749107360841e-07,26211026432.0,1465909248.0,squeezenet,config/models/vision.yaml,1.0,2080Ti,1.0,0.0,experiments/pretrained,57.0,1248424.0,1248424.0,0.0,0.0,0.0,0.0,0.0,0.0,0.0,,,1.0,5440000.0,,,26.0,0.0,3.0,0.0,,,,,,
26.0,52411172864.0,1.0,0.0,,,,,relu,2051014656.0,"[1, 2, 4, 8, 16, 32, 64, 128]",cuda,config/devices/cuda.yaml,0.0,,pretrained-trt,[224],10.0,8.303672075271607e-07,52422052864.0,2051014656.0,squeezenet,config/models/vision.yaml,1.0,2080Ti,1.0,0.0,experiments/pretrained,57.0,1248424.0,1248424.0,0.0,0.0,0.0,0.0,0.0,0.0,0.0,,,1.0,10880000.0,,,26.0,0.0,3.0,0.0,,,,,,
26.0,104822345728.0,1.0,0.0,,,,,relu,3214934016.0,"[1, 2, 4, 8, 16, 32, 64, 128]",cuda,config/devices/cuda.yaml,0.0,,pretrained-trt,[224],10.0,9.469687938690184e-07,104844105728.0,3214934016.0,squeezenet,config/models/vision.yaml,1.0,2080Ti,1.0,0.0,experiments/pretrained,57.0,1248424.0,1248424.0,0.0,0.0,0.0,0.0,0.0,0.0,0.0,,,1.0,21760000.0,,,26.0,0.0,3.0,0.0,,,,,,
13.0,15346630656.0,2.0,0.0,3.0,123633664.0,,,relu,1700790272.0,"[1, 2, 4, 8, 16, 32, 64, 128]",cuda,config/devices/cuda.yaml,0.0,,pretrained-trt,[224],10.0,8.378177881240846e-07,15470314496.0,1700790272.0,vgg16,config/models/vision.yaml,1.0,2080Ti,1.0,0.0,experiments/pretrained,39.0,138357544.0,138357544.0,0.0,0.0,0.0,0.0,0.0,0.0,0.0,,,1.0,50176.0,,,15.0,0.0,5.0,0.0,,,,,,
13.0,30693261312.0,2.0,0.0,3.0,247267328.0,,,relu,2273312768.0,"[1, 2, 4, 8, 16, 32, 64, 128]",cuda,config/devices/cuda.yaml,0.0,,pretrained-trt,[224],10.0,8.001923561096193e-07,30940628992.0,2273312768.0,vgg16,config/models/vision.yaml,1.0,2080Ti,1.0,0.0,experiments/pretrained,39.0,138357544.0,138357544.0,0.0,0.0,0.0,0.0,0.0,0.0,0.0,,,1.0,100352.0,,,15.0,0.0,5.0,0.0,,,,,,
13.0,61386522624.0,2.0,0.0,3.0,494534656.0,,,relu,2789212160.0,"[1, 2, 4, 8, 16, 32, 64, 128]",cuda,config/devices/cuda.yaml,0.0,,pretrained-trt,[224],10.0,7.938593626022339e-07,61881257984.0,2789212160.0,vgg16,config/models/vision.yaml,1.0,2080Ti,1.0,0.0,experiments/pretrained,39.0,138357544.0,138357544.0,0.0,0.0,0.0,0.0,0.0,0.0,0.0,,,1.0,200704.0,,,15.0,0.0,5.0,0.0,,,,,,
13.0,122773045248.0,2.0,0.0,3.0,989069312.0,,,relu,2789212160.0,"[1, 2, 4, 8, 16, 32, 64, 128]",cuda,config/devices/cuda.yaml,0.0,,pretrained-trt,[224],10.0,8.340924978256227e-07,123762515968.0,2789212160.0,vgg16,config/models/vision.yaml,1.0,2080Ti,1.0,0.0,experiments/pretrained,39.0,138357544.0,138357544.0,0.0,0.0,0.0,0.0,0.0,0.0,0.0,,,1.0,401408.0,,,15.0,0.0,5.0,0.0,,,,,,
13.0,245546090496.0,2.0,0.0,3.0,1978138624.0,,,relu,3602907136.0,"[1, 2, 4, 8, 16, 32, 64, 128]",cuda,config/devices/cuda.yaml,0.0,,pretrained-trt,[224],10.0,8.098781108856201e-07,247525031936.0,3602907136.0,vgg16,config/models/vision.yaml,1.0,2080Ti,1.0,0.0,experiments/pretrained,39.0,138357544.0,138357544.0,0.0,0.0,0.0,0.0,0.0,0.0,0.0,,,1.0,802816.0,,,15.0,0.0,5.0,0.0,,,,,,
13.0,491092180992.0,2.0,0.0,3.0,3956277248.0,,,relu,5228199936.0,"[1, 2, 4, 8, 16, 32, 64, 128]",cuda,config/devices/cuda.yaml,0.0,,pretrained-trt,[224],10.0,8.434057235717774e-07,495050063872.0,5228199936.0,vgg16,config/models/vision.yaml,1.0,2080Ti,1.0,0.0,experiments/pretrained,39.0,138357544.0,138357544.0,0.0,0.0,0.0,0.0,0.0,0.0,0.0,,,1.0,1605632.0,,,15.0,0.0,5.0,0.0,,,,,,
13.0,982184361984.0,2.0,0.0,3.0,7912554496.0,,,relu,9294577664.0,"[1, 2, 4, 8, 16, 32, 64, 128]",cuda,config/devices/cuda.yaml,0.0,,pretrained-trt,[224],10.0,8.545815944671631e-07,990100127744.0,9294577664.0,vgg16,config/models/vision.yaml,1.0,2080Ti,1.0,0.0,experiments/pretrained,39.0,138357544.0,138357544.0,0.0,0.0,0.0,0.0,0.0,0.0,0.0,,,1.0,3211264.0,,,15.0,0.0,5.0,0.0,,,,,,
13.0,1964368723968.0,2.0,0.0,3.0,15825108992.0,,,relu,9785311232.0,"[1, 2, 4, 8, 16, 32, 64, 128]",cuda,config/devices/cuda.yaml,0.0,,pretrained-trt,[224],10.0,8.21053981781006e-07,1980200255488.0,9785311232.0,vgg16,config/models/vision.yaml,1.0,2080Ti,1.0,0.0,experiments/pretrained,39.0,138357544.0,138357544.0,0.0,0.0,0.0,0.0,0.0,0.0,0.0,,,1.0,6422528.0,,,15.0,0.0,5.0,0.0,,,,,,
160.0,7725699072.0,,,1.0,2208000.0,,,relu,1226833920.0,"[1, 2, 4, 8, 16, 32, 64, 128]",cuda,config/devices/cuda.yaml,0.0,,pretrained-trt,[224],10.0,8.631497621536254e-07,7845841056.0,1226833920.0,densenet,config/models/vision.yaml,1.0,2080Ti,1.0,0.0,experiments/pretrained,486.0,28681000.0,28681000.0,0.0,0.0,0.0,0.0,0.0,0.0,0.0,161.0,117656448.0,,,,,160.0,0.0,1.0,0.0,3.0,277536.0,,,,
160.0,15451398144.0,,,1.0,4416000.0,,,relu,1340080128.0,"[1, 2, 4, 8, 16, 32, 64, 128]",cuda,config/devices/cuda.yaml,0.0,,pretrained-trt,[224],10.0,8.564442396163941e-07,15691682112.0,1340080128.0,densenet,config/models/vision.yaml,1.0,2080Ti,1.0,0.0,experiments/pretrained,486.0,28681000.0,28681000.0,0.0,0.0,0.0,0.0,0.0,0.0,0.0,161.0,235312896.0,,,,,160.0,0.0,1.0,0.0,3.0,555072.0,,,,
160.0,30902796288.0,,,1.0,8832000.0,,,relu,1361051648.0,"[1, 2, 4, 8, 16, 32, 64, 128]",cuda,config/devices/cuda.yaml,0.0,,pretrained-trt,[224],10.0,8.642673492431641e-07,31383364224.0,1361051648.0,densenet,config/models/vision.yaml,1.0,2080Ti,1.0,0.0,experiments/pretrained,486.0,28681000.0,28681000.0,0.0,0.0,0.0,0.0,0.0,0.0,0.0,161.0,470625792.0,,,,,160.0,0.0,1.0,0.0,3.0,1110144.0,,,,
160.0,61805592576.0,,,1.0,17664000.0,,,relu,1440743424.0,"[1, 2, 4, 8, 16, 32, 64, 128]",cuda,config/devices/cuda.yaml,0.0,,pretrained-trt,[224],10.0,8.460134267807006e-07,62766728448.0,1440743424.0,densenet,config/models/vision.yaml,1.0,2080Ti,1.0,0.0,experiments/pretrained,486.0,28681000.0,28681000.0,0.0,0.0,0.0,0.0,0.0,0.0,0.0,161.0,941251584.0,,,,,160.0,0.0,1.0,0.0,3.0,2220288.0,,,,
160.0,123611185152.0,,,1.0,35328000.0,,,relu,1797259264.0,"[1, 2, 4, 8, 16, 32, 64, 128]",cuda,config/devices/cuda.yaml,0.0,,pretrained-trt,[224],10.0,8.556991815567015e-07,125533456896.0,1797259264.0,densenet,config/models/vision.yaml,1.0,2080Ti,1.0,0.0,experiments/pretrained,486.0,28681000.0,28681000.0,0.0,0.0,0.0,0.0,0.0,0.0,0.0,161.0,1882503168.0,,,,,160.0,0.0,1.0,0.0,3.0,4440576.0,,,,
160.0,247222370304.0,,,1.0,70656000.0,,,relu,2325741568.0,"[1, 2, 4, 8, 16, 32, 64, 128]",cuda,config/devices/cuda.yaml,0.0,,pretrained-trt,[224],10.0,8.776783943176269e-07,251066913792.0,2325741568.0,densenet,config/models/vision.yaml,1.0,2080Ti,1.0,0.0,experiments/pretrained,486.0,28681000.0,28681000.0,0.0,0.0,0.0,0.0,0.0,0.0,0.0,161.0,3765006336.0,,,,,160.0,0.0,1.0,0.0,3.0,8881152.0,,,,
160.0,494444740608.0,,,1.0,141312000.0,,,relu,3378511872.0,"[1, 2, 4, 8, 16, 32, 64, 128]",cuda,config/devices/cuda.yaml,0.0,,pretrained-trt,[224],10.0,8.784234523773194e-07,502133827584.0,3378511872.0,densenet,config/models/vision.yaml,1.0,2080Ti,1.0,0.0,experiments/pretrained,486.0,28681000.0,28681000.0,0.0,0.0,0.0,0.0,0.0,0.0,0.0,161.0,7530012672.0,,,,,160.0,0.0,1.0,0.0,3.0,17762304.0,,,,
160.0,988889481216.0,,,1.0,282624000.0,,,relu,5511315456.0,"[1, 2, 4, 8, 16, 32, 64, 128]",cuda,config/devices/cuda.yaml,0.0,,pretrained-trt,[224],10.0,8.963048458099365e-07,1004267655168.0,5511315456.0,densenet,config/models/vision.yaml,1.0,2080Ti,1.0,0.0,experiments/pretrained,486.0,28681000.0,28681000.0,0.0,0.0,0.0,0.0,0.0,0.0,0.0,161.0,15060025344.0,,,,,160.0,0.0,1.0,0.0,3.0,35524608.0,,,,
96.0,2835873120.0,1.0,0.0,2.0,2048000.0,,,relu,1243611136.0,"[1, 2, 4, 8, 16, 32, 64, 128]",cuda,config/devices/cuda.yaml,0.0,,pretrained-trt,[224],10.0,8.635222911834717e-07,2856567712.0,1243611136.0,inception,config/models/vision.yaml,1.0,2080Ti,1.0,0.0,experiments/pretrained,198.0,27161264.0,27161264.0,0.0,0.0,0.0,0.0,0.0,0.0,0.0,96.0,18593344.0,1.0,53248.0,,,,,2.0,0.0,,,,,,
96.0,5671746240.0,1.0,0.0,2.0,4096000.0,,,relu,1344274432.0,"[1, 2, 4, 8, 16, 32, 64, 128]",cuda,config/devices/cuda.yaml,0.0,,pretrained-trt,[224],10.0,1.3370066881179807e-06,5713135424.0,1344274432.0,inception,config/models/vision.yaml,1.0,2080Ti,1.0,0.0,experiments/pretrained,198.0,27161264.0,27161264.0,0.0,0.0,0.0,0.0,0.0,0.0,0.0,96.0,37186688.0,1.0,106496.0,,,,,2.0,0.0,,,,,,
96.0,11343492480.0,1.0,0.0,2.0,8192000.0,,,relu,1417674752.0,"[1, 2, 4, 8, 16, 32, 64, 128]",cuda,config/devices/cuda.yaml,0.0,,pretrained-trt,[224],10.0,1.31949782371521e-06,11426270848.0,1417674752.0,inception,config/models/vision.yaml,1.0,2080Ti,1.0,0.0,experiments/pretrained,198.0,27161264.0,27161264.0,0.0,0.0,0.0,0.0,0.0,0.0,0.0,96.0,74373376.0,1.0,212992.0,,,,,2.0,0.0,,,,,,
96.0,22686984960.0,1.0,0.0,2.0,16384000.0,,,relu,1470103552.0,"[1, 2, 4, 8, 16, 32, 64, 128]",cuda,config/devices/cuda.yaml,0.0,,pretrained-trt,[224],10.0,1.3008713722229003e-06,22852541696.0,1470103552.0,inception,config/models/vision.yaml,1.0,2080Ti,1.0,0.0,experiments/pretrained,198.0,27161264.0,27161264.0,0.0,0.0,0.0,0.0,0.0,0.0,0.0,96.0,148746752.0,1.0,425984.0,,,,,2.0,0.0,,,,,,
96.0,45373969920.0,1.0,0.0,2.0,32768000.0,,,relu,1738539008.0,"[1, 2, 4, 8, 16, 32, 64, 128]",cuda,config/devices/cuda.yaml,0.0,,pretrained-trt,[224],10.0,1.399219036102295e-06,45705083392.0,1738539008.0,inception,config/models/vision.yaml,1.0,2080Ti,1.0,0.0,experiments/pretrained,198.0,27161264.0,27161264.0,0.0,0.0,0.0,0.0,0.0,0.0,0.0,96.0,297493504.0,1.0,851968.0,,,,,2.0,0.0,,,,,,
96.0,90747939840.0,1.0,0.0,2.0,65536000.0,,,relu,2053111808.0,"[1, 2, 4, 8, 16, 32, 64, 128]",cuda,config/devices/cuda.yaml,0.0,,pretrained-trt,[224],10.0,1.354515552520752e-06,91410166784.0,2053111808.0,inception,config/models/vision.yaml,1.0,2080Ti,1.0,0.0,experiments/pretrained,198.0,27161264.0,27161264.0,0.0,0.0,0.0,0.0,0.0,0.0,0.0,96.0,594987008.0,1.0,1703936.0,,,,,2.0,0.0,,,,,,
96.0,181495879680.0,1.0,0.0,2.0,131072000.0,,,relu,2675965952.0,"[1, 2, 4, 8, 16, 32, 64, 128]",cuda,config/devices/cuda.yaml,0.0,,pretrained-trt,[224],10.0,8.378177881240846e-07,182820333568.0,2675965952.0,inception,config/models/vision.yaml,1.0,2080Ti,1.0,0.0,experiments/pretrained,198.0,27161264.0,27161264.0,0.0,0.0,0.0,0.0,0.0,0.0,0.0,96.0,1189974016.0,1.0,3407872.0,,,,,2.0,0.0,,,,,,
96.0,362991759360.0,1.0,0.0,2.0,262144000.0,,,relu,3917479936.0,"[1, 2, 4, 8, 16, 32, 64, 128]",cuda,config/devices/cuda.yaml,0.0,,pretrained-trt,[224],10.0,8.665025234222412e-07,365640667136.0,3917479936.0,inception,config/models/vision.yaml,1.0,2080Ti,1.0,0.0,experiments/pretrained,198.0,27161264.0,27161264.0,0.0,0.0,0.0,0.0,0.0,0.0,0.0,96.0,2379948032.0,1.0,6815744.0,,,,,2.0,0.0,,,,,,
59.0,1497352192.0,3.0,0.0,5.0,1024000.0,,,relu,1163919360.0,"[1, 2, 4, 8, 16, 32, 64, 128]",cuda,config/devices/cuda.yaml,0.0,,pretrained-trt,[224],10.0,8.832663297653198e-07,1511332032.0,1163919360.0,googlenet,config/models/vision.yaml,1.0,2080Ti,1.0,0.0,experiments/pretrained,140.0,13004888.0,13004888.0,0.0,0.0,0.0,0.0,0.0,0.0,0.0,59.0,12904640.0,1.0,51200.0,,,,,13.0,0.0,,,,,,
59.0,2994704384.0,3.0,0.0,5.0,2048000.0,,,relu,1193279488.0,"[1, 2, 4, 8, 16, 32, 64, 128]",cuda,config/devices/cuda.yaml,0.0,,pretrained-trt,[224],10.0,1.4629215002059938e-06,3022664064.0,1193279488.0,googlenet,config/models/vision.yaml,1.0,2080Ti,1.0,0.0,experiments/pretrained,140.0,13004888.0,13004888.0,0.0,0.0,0.0,0.0,0.0,0.0,0.0,59.0,25809280.0,1.0,102400.0,,,,,13.0,0.0,,,,,,
59.0,5989408768.0,3.0,0.0,5.0,4096000.0,,,relu,1193279488.0,"[1, 2, 4, 8, 16, 32, 64, 128]",cuda,config/devices/cuda.yaml,0.0,,pretrained-trt,[224],10.0,1.3772398233413694e-06,6045328128.0,1193279488.0,googlenet,config/models/vision.yaml,1.0,2080Ti,1.0,0.0,experiments/pretrained,140.0,13004888.0,13004888.0,0.0,0.0,0.0,0.0,0.0,0.0,0.0,59.0,51618560.0,1.0,204800.0,,,,,13.0,0.0,,,,,,
59.0,11978817536.0,3.0,0.0,5.0,8192000.0,,,relu,1270874112.0,"[1, 2, 4, 8, 16, 32, 64, 128]",cuda,config/devices/cuda.yaml,0.0,,pretrained-trt,[224],10.0,1.3936311006546021e-06,12090656256.0,1270874112.0,googlenet,config/models/vision.yaml,1.0,2080Ti,1.0,0.0,experiments/pretrained,140.0,13004888.0,13004888.0,0.0,0.0,0.0,0.0,0.0,0.0,0.0,59.0,103237120.0,1.0,409600.0,,,,,13.0,0.0,,,,,,
59.0,23957635072.0,3.0,0.0,5.0,16384000.0,,,relu,1503657984.0,"[1, 2, 4, 8, 16, 32, 64, 128]",cuda,config/devices/cuda.yaml,0.0,,pretrained-trt,[224],10.0,1.362338662147522e-06,24181312512.0,1503657984.0,googlenet,config/models/vision.yaml,1.0,2080Ti,1.0,0.0,experiments/pretrained,140.0,13004888.0,13004888.0,0.0,0.0,0.0,0.0,0.0,0.0,0.0,59.0,206474240.0,1.0,819200.0,,,,,13.0,0.0,,,,,,
59.0,47915270144.0,3.0,0.0,5.0,32768000.0,,,relu,1843396608.0,"[1, 2, 4, 8, 16, 32, 64, 128]",cuda,config/devices/cuda.yaml,0.0,,pretrained-trt,[224],10.0,1.3615936040878296e-06,48362625024.0,1843396608.0,googlenet,config/models/vision.yaml,1.0,2080Ti,1.0,0.0,experiments/pretrained,140.0,13004888.0,13004888.0,0.0,0.0,0.0,0.0,0.0,0.0,0.0,59.0,412948480.0,1.0,1638400.0,,,,,13.0,0.0,,,,,,
59.0,95830540288.0,3.0,0.0,5.0,65536000.0,,,relu,2524971008.0,"[1, 2, 4, 8, 16, 32, 64, 128]",cuda,config/devices/cuda.yaml,0.0,,pretrained-trt,[224],10.0,1.4271587133407596e-06,96725250048.0,2524971008.0,googlenet,config/models/vision.yaml,1.0,2080Ti,1.0,0.0,experiments/pretrained,140.0,13004888.0,13004888.0,0.0,0.0,0.0,0.0,0.0,0.0,0.0,59.0,825896960.0,1.0,3276800.0,,,,,13.0,0.0,,,,,,
59.0,191661080576.0,3.0,0.0,5.0,131072000.0,,,relu,3865051136.0,"[1, 2, 4, 8, 16, 32, 64, 128]",cuda,config/devices/cuda.yaml,0.0,,pretrained-trt,[224],10.0,1.4055520296096802e-06,193450500096.0,3865051136.0,googlenet,config/models/vision.yaml,1.0,2080Ti,1.0,0.0,experiments/pretrained,140.0,13004888.0,13004888.0,0.0,0.0,0.0,0.0,0.0,0.0,0.0,59.0,1651793920.0,1.0,6553600.0,,,,,13.0,0.0,,,,,,
56.0,143883992.0,,,1.0,1024000.0,,,relu,1109393408.0,"[1, 2, 4, 8, 16, 32, 64, 128]",cuda,config/devices/cuda.yaml,0.0,,pretrained-trt,[224],10.0,8.538365364074706e-07,152708792.0,1109393408.0,shufflenet,config/models/vision.yaml,1.0,2080Ti,1.0,0.0,experiments/pretrained,151.0,2278604.0,2278604.0,0.0,0.0,0.0,0.0,0.0,0.0,0.0,56.0,7800800.0,,,,,37.0,0.0,1.0,0.0,,,,,,
56.0,287767984.0,,,1.0,2048000.0,,,relu,1111490560.0,"[1, 2, 4, 8, 16, 32, 64, 128]",cuda,config/devices/cuda.yaml,0.0,,pretrained-trt,[224],10.0,8.266419172286988e-07,305417584.0,1111490560.0,shufflenet,config/models/vision.yaml,1.0,2080Ti,1.0,0.0,experiments/pretrained,151.0,2278604.0,2278604.0,0.0,0.0,0.0,0.0,0.0,0.0,0.0,56.0,15601600.0,,,,,37.0,0.0,1.0,0.0,,,,,,
56.0,575535968.0,,,1.0,4096000.0,,,relu,1134559232.0,"[1, 2, 4, 8, 16, 32, 64, 128]",cuda,config/devices/cuda.yaml,0.0,,pretrained-trt,[224],10.0,8.340924978256227e-07,610835168.0,1134559232.0,shufflenet,config/models/vision.yaml,1.0,2080Ti,1.0,0.0,experiments/pretrained,151.0,2278604.0,2278604.0,0.0,0.0,0.0,0.0,0.0,0.0,0.0,56.0,31203200.0,,,,,37.0,0.0,1.0,0.0,,,,,,
56.0,1151071936.0,,,1.0,8192000.0,,,relu,1134559232.0,"[1, 2, 4, 8, 16, 32, 64, 128]",cuda,config/devices/cuda.yaml,0.0,,pretrained-trt,[224],10.0,8.497387170791627e-07,1221670336.0,1134559232.0,shufflenet,config/models/vision.yaml,1.0,2080Ti,1.0,0.0,experiments/pretrained,151.0,2278604.0,2278604.0,0.0,0.0,0.0,0.0,0.0,0.0,0.0,56.0,62406400.0,,,,,37.0,0.0,1.0,0.0,,,,,,
56.0,2302143872.0,,,1.0,16384000.0,,,relu,1176502272.0,"[1, 2, 4, 8, 16, 32, 64, 128]",cuda,config/devices/cuda.yaml,0.0,,pretrained-trt,[224],10.0,8.58306884765625e-07,2443340672.0,1176502272.0,shufflenet,config/models/vision.yaml,1.0,2080Ti,1.0,0.0,experiments/pretrained,151.0,2278604.0,2278604.0,0.0,0.0,0.0,0.0,0.0,0.0,0.0,56.0,124812800.0,,,,,37.0,0.0,1.0,0.0,,,,,,
56.0,4604287744.0,,,1.0,32768000.0,,,relu,1256194048.0,"[1, 2, 4, 8, 16, 32, 64, 128]",cuda,config/devices/cuda.yaml,0.0,,pretrained-trt,[224],10.0,8.162111043930051e-07,4886681344.0,1256194048.0,shufflenet,config/models/vision.yaml,1.0,2080Ti,1.0,0.0,experiments/pretrained,151.0,2278604.0,2278604.0,0.0,0.0,0.0,0.0,0.0,0.0,0.0,56.0,249625600.0,,,,,37.0,0.0,1.0,0.0,,,,,,
56.0,9208575488.0,,,1.0,65536000.0,,,relu,1411383296.0,"[1, 2, 4, 8, 16, 32, 64, 128]",cuda,config/devices/cuda.yaml,0.0,,pretrained-trt,[224],10.0,8.501112461090087e-07,9773362688.0,1411383296.0,shufflenet,config/models/vision.yaml,1.0,2080Ti,1.0,0.0,experiments/pretrained,151.0,2278604.0,2278604.0,0.0,0.0,0.0,0.0,0.0,0.0,0.0,56.0,499251200.0,,,,,37.0,0.0,1.0,0.0,,,,,,
56.0,18417150976.0,,,1.0,131072000.0,,,relu,1721761792.0,"[1, 2, 4, 8, 16, 32, 64, 128]",cuda,config/devices/cuda.yaml,0.0,,pretrained-trt,[224],10.0,8.50483775138855e-07,19546725376.0,1721761792.0,shufflenet,config/models/vision.yaml,1.0,2080Ti,1.0,0.0,experiments/pretrained,151.0,2278604.0,2278604.0,0.0,0.0,0.0,0.0,0.0,0.0,0.0,56.0,998502400.0,,,,,37.0,0.0,1.0,0.0,,,,,,
52.0,299494272.0,1.0,0.0,1.0,1280000.0,,,relu,1113587712.0,"[1, 2, 4, 8, 16, 32, 64, 128]",cuda,config/devices/cuda.yaml,0.0,,pretrained-trt,[224],10.0,8.415430784225464e-07,327486720.0,1113587712.0,mobilenet_v2,config/models/vision.yaml,1.0,2080Ti,1.0,0.0,experiments/pretrained,141.0,3504872.0,3504872.0,0.0,0.0,0.0,0.0,0.0,0.0,0.0,52.0,26712448.0,,,,,35.0,0.0,,,,,,,,
52.0,598988544.0,1.0,0.0,1.0,2560000.0,,,relu,1138753536.0,"[1, 2, 4, 8, 16, 32, 64, 128]",cuda,config/devices/cuda.yaml,0.0,,pretrained-trt,[224],10.0,8.448958396911623e-07,654973440.0,1138753536.0,mobilenet_v2,config/models/vision.yaml,1.0,2080Ti,1.0,0.0,experiments/pretrained,141.0,3504872.0,3504872.0,0.0,0.0,0.0,0.0,0.0,0.0,0.0,52.0,53424896.0,,,,,35.0,0.0,,,,,,,,
52.0,1197977088.0,1.0,0.0,1.0,5120000.0,,,relu,1180696576.0,"[1, 2, 4, 8, 16, 32, 64, 128]",cuda,config/devices/cuda.yaml,0.0,,pretrained-trt,[224],10.0,9.879469871520996e-07,1309946880.0,1180696576.0,mobilenet_v2,config/models/vision.yaml,1.0,2080Ti,1.0,0.0,experiments/pretrained,141.0,3504872.0,3504872.0,0.0,0.0,0.0,0.0,0.0,0.0,0.0,52.0,106849792.0,,,,,35.0,0.0,,,,,,,,
52.0,2395954176.0,1.0,0.0,1.0,10240000.0,,,relu,1262485504.0,"[1, 2, 4, 8, 16, 32, 64, 128]",cuda,config/devices/cuda.yaml,0.0,,pretrained-trt,[224],10.0,8.195638656616211e-07,2619893760.0,1262485504.0,mobilenet_v2,config/models/vision.yaml,1.0,2080Ti,1.0,0.0,experiments/pretrained,141.0,3504872.0,3504872.0,0.0,0.0,0.0,0.0,0.0,0.0,0.0,52.0,213699584.0,,,,,35.0,0.0,,,,,,,,
52.0,4791908352.0,1.0,0.0,1.0,20480000.0,,,relu,1444937728.0,"[1, 2, 4, 8, 16, 32, 64, 128]",cuda,config/devices/cuda.yaml,0.0,,pretrained-trt,[224],10.0,8.162111043930051e-07,5239787520.0,1444937728.0,mobilenet_v2,config/models/vision.yaml,1.0,2080Ti,1.0,0.0,experiments/pretrained,141.0,3504872.0,3504872.0,0.0,0.0,0.0,0.0,0.0,0.0,0.0,52.0,427399168.0,,,,,35.0,0.0,,,,,,,,
52.0,9583816704.0,1.0,0.0,1.0,40960000.0,,,relu,1807745024.0,"[1, 2, 4, 8, 16, 32, 64, 128]",cuda,config/devices/cuda.yaml,0.0,,pretrained-trt,[224],10.0,8.229166269302369e-07,10479575040.0,1807745024.0,mobilenet_v2,config/models/vision.yaml,1.0,2080Ti,1.0,0.0,experiments/pretrained,141.0,3504872.0,3504872.0,0.0,0.0,0.0,0.0,0.0,0.0,0.0,52.0,854798336.0,,,,,35.0,0.0,,,,,,,,
52.0,19167633408.0,1.0,0.0,1.0,81920000.0,,,relu,2527068160.0,"[1, 2, 4, 8, 16, 32, 64, 128]",cuda,config/devices/cuda.yaml,0.0,,pretrained-trt,[224],10.0,8.713454008102417e-07,20959150080.0,2527068160.0,mobilenet_v2,config/models/vision.yaml,1.0,2080Ti,1.0,0.0,experiments/pretrained,141.0,3504872.0,3504872.0,0.0,0.0,0.0,0.0,0.0,0.0,0.0,52.0,1709596672.0,,,,,35.0,0.0,,,,,,,,
52.0,38335266816.0,1.0,0.0,1.0,163840000.0,,,relu,3965714432.0,"[1, 2, 4, 8, 16, 32, 64, 128]",cuda,config/devices/cuda.yaml,0.0,,pretrained-trt,[224],10.0,8.545815944671631e-07,41918300160.0,3965714432.0,mobilenet_v2,config/models/vision.yaml,1.0,2080Ti,1.0,0.0,experiments/pretrained,141.0,3504872.0,3504872.0,0.0,0.0,0.0,0.0,0.0,0.0,0.0,52.0,3419193344.0,,,,,35.0,0.0,,,,,,,,
53.0,4228431872.0,,,1.0,2048000.0,,,relu,1220542464.0,"[1, 2, 4, 8, 16, 32, 64, 128]",cuda,config/devices/cuda.yaml,0.0,,pretrained-trt,[224],10.0,8.165836334228515e-07,4288184320.0,1220542464.0,resnext50_32x4d,config/models/vision.yaml,1.0,2080Ti,1.0,0.0,experiments/pretrained,126.0,25028904.0,25028904.0,0.0,0.0,0.0,0.0,0.0,0.0,0.0,53.0,57602048.0,1.0,102400.0,,,17.0,0.0,1.0,0.0,,,,,,
53.0,8456863744.0,,,1.0,4096000.0,,,relu,1310720000.0,"[1, 2, 4, 8, 16, 32, 64, 128]",cuda,config/devices/cuda.yaml,0.0,,pretrained-trt,[224],10.0,8.337199687957764e-07,8576368640.0,1310720000.0,resnext50_32x4d,config/models/vision.yaml,1.0,2080Ti,1.0,0.0,experiments/pretrained,126.0,25028904.0,25028904.0,0.0,0.0,0.0,0.0,0.0,0.0,0.0,53.0,115204096.0,1.0,204800.0,,,17.0,0.0,1.0,0.0,,,,,,
53.0,16913727488.0,,,1.0,8192000.0,,,relu,1356857344.0,"[1, 2, 4, 8, 16, 32, 64, 128]",cuda,config/devices/cuda.yaml,0.0,,pretrained-trt,[224],10.0,8.378177881240846e-07,17152737280.0,1356857344.0,resnext50_32x4d,config/models/vision.yaml,1.0,2080Ti,1.0,0.0,experiments/pretrained,126.0,25028904.0,25028904.0,0.0,0.0,0.0,0.0,0.0,0.0,0.0,53.0,230408192.0,1.0,409600.0,,,17.0,0.0,1.0,0.0,,,,,,
53.0,33827454976.0,,,1.0,16384000.0,,,relu,1486880768.0,"[1, 2, 4, 8, 16, 32, 64, 128]",cuda,config/devices/cuda.yaml,0.0,,pretrained-trt,[224],10.0,8.147209882736206e-07,34305474560.0,1486880768.0,resnext50_32x4d,config/models/vision.yaml,1.0,2080Ti,1.0,0.0,experiments/pretrained,126.0,25028904.0,25028904.0,0.0,0.0,0.0,0.0,0.0,0.0,0.0,53.0,460816384.0,1.0,819200.0,,,17.0,0.0,1.0,0.0,,,,,,
53.0,67654909952.0,,,1.0,32768000.0,,,relu,1644167168.0,"[1, 2, 4, 8, 16, 32, 64, 128]",cuda,config/devices/cuda.yaml,0.0,,pretrained-trt,[224],10.0,8.299946784973146e-07,68610949120.0,1644167168.0,resnext50_32x4d,config/models/vision.yaml,1.0,2080Ti,1.0,0.0,experiments/pretrained,126.0,25028904.0,25028904.0,0.0,0.0,0.0,0.0,0.0,0.0,0.0,53.0,921632768.0,1.0,1638400.0,,,17.0,0.0,1.0,0.0,,,,,,
53.0,135309819904.0,,,1.0,65536000.0,,,relu,1954545664.0,"[1, 2, 4, 8, 16, 32, 64, 128]",cuda,config/devices/cuda.yaml,0.0,,pretrained-trt,[224],10.0,9.279698133468628e-07,137221898240.0,1954545664.0,resnext50_32x4d,config/models/vision.yaml,1.0,2080Ti,1.0,0.0,experiments/pretrained,126.0,25028904.0,25028904.0,0.0,0.0,0.0,0.0,0.0,0.0,0.0,53.0,1843265536.0,1.0,3276800.0,,,17.0,0.0,1.0,0.0,,,,,,
53.0,270619639808.0,,,1.0,131072000.0,,,relu,2579496960.0,"[1, 2, 4, 8, 16, 32, 64, 128]",cuda,config/devices/cuda.yaml,0.0,,pretrained-trt,[224],10.0,8.28877091407776e-07,274443796480.0,2579496960.0,resnext50_32x4d,config/models/vision.yaml,1.0,2080Ti,1.0,0.0,experiments/pretrained,126.0,25028904.0,25028904.0,0.0,0.0,0.0,0.0,0.0,0.0,0.0,53.0,3686531072.0,1.0,6553600.0,,,17.0,0.0,1.0,0.0,,,,,,
53.0,541239279616.0,,,1.0,262144000.0,,,relu,3812622336.0,"[1, 2, 4, 8, 16, 32, 64, 128]",cuda,config/devices/cuda.yaml,0.0,,pretrained-trt,[224],10.0,8.620321750640869e-07,548887592960.0,3812622336.0,resnext50_32x4d,config/models/vision.yaml,1.0,2080Ti,1.0,0.0,experiments/pretrained,126.0,25028904.0,25028904.0,0.0,0.0,0.0,0.0,0.0,0.0,0.0,53.0,7373062144.0,1.0,13107200.0,,,17.0,0.0,1.0,0.0,,,,,,
53.0,11395973120.0,,,1.0,2048000.0,,,relu,1591738368.0,"[1, 2, 4, 8, 16, 32, 64, 128]",cuda,config/devices/cuda.yaml,0.0,,pretrained-trt,[224],10.0,1.988187432289124e-06,11455725568.0,1591738368.0,wide_resnet50_2,config/models/vision.yaml,1.0,2080Ti,1.0,0.0,experiments/pretrained,126.0,68883240.0,68883240.0,0.0,0.0,0.0,0.0,0.0,0.0,0.0,53.0,57602048.0,1.0,102400.0,,,17.0,0.0,1.0,0.0,,,,,,
53.0,22791946240.0,,,1.0,4096000.0,,,relu,1803550720.0,"[1, 2, 4, 8, 16, 32, 64, 128]",cuda,config/devices/cuda.yaml,0.0,,pretrained-trt,[224],10.0,8.616596460342408e-07,22911451136.0,1803550720.0,wide_resnet50_2,config/models/vision.yaml,1.0,2080Ti,1.0,0.0,experiments/pretrained,126.0,68883240.0,68883240.0,0.0,0.0,0.0,0.0,0.0,0.0,0.0,53.0,115204096.0,1.0,204800.0,,,17.0,0.0,1.0,0.0,,,,,,
53.0,45583892480.0,,,1.0,8192000.0,,,relu,1805647872.0,"[1, 2, 4, 8, 16, 32, 64, 128]",cuda,config/devices/cuda.yaml,0.0,,pretrained-trt,[224],10.0,8.881092071533203e-07,45822902272.0,1805647872.0,wide_resnet50_2,config/models/vision.yaml,1.0,2080Ti,1.0,0.0,experiments/pretrained,126.0,68883240.0,68883240.0,0.0,0.0,0.0,0.0,0.0,0.0,0.0,53.0,230408192.0,1.0,409600.0,,,17.0,0.0,1.0,0.0,,,,,,
53.0,91167784960.0,,,1.0,16384000.0,,,relu,1998585856.0,"[1, 2, 4, 8, 16, 32, 64, 128]",cuda,config/devices/cuda.yaml,0.0,,pretrained-trt,[224],10.0,8.672475814819336e-07,91645804544.0,1998585856.0,wide_resnet50_2,config/models/vision.yaml,1.0,2080Ti,1.0,0.0,experiments/pretrained,126.0,68883240.0,68883240.0,0.0,0.0,0.0,0.0,0.0,0.0,0.0,53.0,460816384.0,1.0,819200.0,,,17.0,0.0,1.0,0.0,,,,,,
53.0,182335569920.0,,,1.0,32768000.0,,,relu,2407530496.0,"[1, 2, 4, 8, 16, 32, 64, 128]",cuda,config/devices/cuda.yaml,0.0,,pretrained-trt,[224],10.0,8.694827556610108e-07,183291609088.0,2407530496.0,wide_resnet50_2,config/models/vision.yaml,1.0,2080Ti,1.0,0.0,experiments/pretrained,126.0,68883240.0,68883240.0,0.0,0.0,0.0,0.0,0.0,0.0,0.0,53.0,921632768.0,1.0,1638400.0,,,17.0,0.0,1.0,0.0,,,,,,
53.0,364671139840.0,,,1.0,65536000.0,,,relu,2644508672.0,"[1, 2, 4, 8, 16, 32, 64, 128]",cuda,config/devices/cuda.yaml,0.0,,pretrained-trt,[224],10.0,8.892267942428587e-07,366583218176.0,2644508672.0,wide_resnet50_2,config/models/vision.yaml,1.0,2080Ti,1.0,0.0,experiments/pretrained,126.0,68883240.0,68883240.0,0.0,0.0,0.0,0.0,0.0,0.0,0.0,53.0,1843265536.0,1.0,3276800.0,,,17.0,0.0,1.0,0.0,,,,,,
53.0,729342279680.0,,,1.0,131072000.0,,,relu,3321888768.0,"[1, 2, 4, 8, 16, 32, 64, 128]",cuda,config/devices/cuda.yaml,0.0,,pretrained-trt,[224],10.0,8.955597877502442e-07,733166436352.0,3321888768.0,wide_resnet50_2,config/models/vision.yaml,1.0,2080Ti,1.0,0.0,experiments/pretrained,126.0,68883240.0,68883240.0,0.0,0.0,0.0,0.0,0.0,0.0,0.0,53.0,3686531072.0,1.0,6553600.0,,,17.0,0.0,1.0,0.0,,,,,,
53.0,1458684559360.0,,,1.0,262144000.0,,,relu,4661968896.0,"[1, 2, 4, 8, 16, 32, 64, 128]",cuda,config/devices/cuda.yaml,0.0,,pretrained-trt,[224],10.0,8.769333362579346e-07,1466332872704.0,4661968896.0,wide_resnet50_2,config/models/vision.yaml,1.0,2080Ti,1.0,0.0,experiments/pretrained,126.0,68883240.0,68883240.0,0.0,0.0,0.0,0.0,0.0,0.0,0.0,53.0,7373062144.0,1.0,13107200.0,,,17.0,0.0,1.0,0.0,,,,,,
52.0,313135872.0,1.0,0.0,1.0,1280000.0,,,relu,1117782016.0,"[1, 2, 4, 8, 16, 32, 64, 128]",cuda,config/devices/cuda.yaml,0.0,,pretrained-trt,[224],10.0,8.706003427505493e-07,336242432.0,1117782016.0,mnasnet,config/models/vision.yaml,1.0,2080Ti,1.0,0.0,experiments/pretrained,141.0,4383312.0,4383312.0,0.0,0.0,0.0,0.0,0.0,0.0,0.0,52.0,21826560.0,,,,,35.0,0.0,,,,,,,,
52.0,626271744.0,1.0,0.0,1.0,2560000.0,,,relu,1145044992.0,"[1, 2, 4, 8, 16, 32, 64, 128]",cuda,config/devices/cuda.yaml,0.0,,pretrained-trt,[224],10.0,8.58306884765625e-07,672484864.0,1145044992.0,mnasnet,config/models/vision.yaml,1.0,2080Ti,1.0,0.0,experiments/pretrained,141.0,4383312.0,4383312.0,0.0,0.0,0.0,0.0,0.0,0.0,0.0,52.0,43653120.0,,,,,35.0,0.0,,,,,,,,
52.0,1252543488.0,1.0,0.0,1.0,5120000.0,,,relu,1168113664.0,"[1, 2, 4, 8, 16, 32, 64, 128]",cuda,config/devices/cuda.yaml,0.0,,pretrained-trt,[224],10.0,8.575618267059326e-07,1344969728.0,1168113664.0,mnasnet,config/models/vision.yaml,1.0,2080Ti,1.0,0.0,experiments/pretrained,141.0,4383312.0,4383312.0,0.0,0.0,0.0,0.0,0.0,0.0,0.0,52.0,87306240.0,,,,,35.0,0.0,,,,,,,,
52.0,2505086976.0,1.0,0.0,1.0,10240000.0,,,relu,1189085184.0,"[1, 2, 4, 8, 16, 32, 64, 128]",cuda,config/devices/cuda.yaml,0.0,,pretrained-trt,[224],10.0,8.609145879745483e-07,2689939456.0,1189085184.0,mnasnet,config/models/vision.yaml,1.0,2080Ti,1.0,0.0,experiments/pretrained,141.0,4383312.0,4383312.0,0.0,0.0,0.0,0.0,0.0,0.0,0.0,52.0,174612480.0,,,,,35.0,0.0,,,,,,,,
52.0,5010173952.0,1.0,0.0,1.0,20480000.0,,,relu,1325400064.0,"[1, 2, 4, 8, 16, 32, 64, 128]",cuda,config/devices/cuda.yaml,0.0,,pretrained-trt,[224],10.0,9.663403034210204e-07,5379878912.0,1325400064.0,mnasnet,config/models/vision.yaml,1.0,2080Ti,1.0,0.0,experiments/pretrained,141.0,4383312.0,4383312.0,0.0,0.0,0.0,0.0,0.0,0.0,0.0,52.0,349224960.0,,,,,35.0,0.0,,,,,,,,
52.0,10020347904.0,1.0,0.0,1.0,40960000.0,,,relu,1591738368.0,"[1, 2, 4, 8, 16, 32, 64, 128]",cuda,config/devices/cuda.yaml,0.0,,pretrained-trt,[224],10.0,8.746981620788575e-07,10759757824.0,1591738368.0,mnasnet,config/models/vision.yaml,1.0,2080Ti,1.0,0.0,experiments/pretrained,141.0,4383312.0,4383312.0,0.0,0.0,0.0,0.0,0.0,0.0,0.0,52.0,698449920.0,,,,,35.0,0.0,,,,,,,,
52.0,20040695808.0,1.0,0.0,1.0,81920000.0,,,relu,2107637760.0,"[1, 2, 4, 8, 16, 32, 64, 128]",cuda,config/devices/cuda.yaml,0.0,,pretrained-trt,[224],10.0,8.787959814071655e-07,21519515648.0,2107637760.0,mnasnet,config/models/vision.yaml,1.0,2080Ti,1.0,0.0,experiments/pretrained,141.0,4383312.0,4383312.0,0.0,0.0,0.0,0.0,0.0,0.0,0.0,52.0,1396899840.0,,,,,35.0,0.0,,,,,,,,
52.0,40081391616.0,1.0,0.0,1.0,163840000.0,,,relu,3135242240.0,"[1, 2, 4, 8, 16, 32, 64, 128]",cuda,config/devices/cuda.yaml,0.0,,pretrained-trt,[224],10.0,9.100884199142456e-07,43039031296.0,3135242240.0,mnasnet,config/models/vision.yaml,1.0,2080Ti,1.0,0.0,experiments/pretrained,141.0,4383312.0,4383312.0,0.0,0.0,0.0,0.0,0.0,0.0,0.0,52.0,2793799680.0,,,,,35.0,0.0,,,,,,,,
,,37.0,0.0,73.0,10872225792.0,25.0,9830400.0,relu,1296039936.0,"[1, 2, 4, 8, 16, 32]",cuda,config/devices/cuda.yaml,0.0,,pretrained-trt,[128],10.0,9.126961231231687e-07,10882056192.0,1296039936.0,bert,config/models/transformers.yaml,1.0,2080Ti,1.0,0.0,experiments/pretrained,135.0,109482240.0,109482240.0,0.0,0.0,0.0,0.0,0.0,0.0,0.0,,,,,,,,,,,,,,,,
,,37.0,0.0,73.0,21744451584.0,25.0,19660800.0,relu,1769996288.0,"[1, 2, 4, 8, 16, 32]",cuda,config/devices/cuda.yaml,0.0,,pretrained-trt,[128],10.0,1.4036893844604493e-06,21764112384.0,1769996288.0,bert,config/models/transformers.yaml,1.0,2080Ti,1.0,0.0,experiments/pretrained,135.0,109482240.0,109482240.0,0.0,0.0,0.0,0.0,0.0,0.0,0.0,,,,,,,,,,,,,,,,
,,37.0,0.0,73.0,43488903168.0,25.0,39321600.0,relu,1769996288.0,"[1, 2, 4, 8, 16, 32]",cuda,config/devices/cuda.yaml,0.0,,pretrained-trt,[128],10.0,1.413002610206604e-06,43528224768.0,1769996288.0,bert,config/models/transformers.yaml,1.0,2080Ti,1.0,0.0,experiments/pretrained,135.0,109482240.0,109482240.0,0.0,0.0,0.0,0.0,0.0,0.0,0.0,,,,,,,,,,,,,,,,
,,37.0,0.0,73.0,86977806336.0,25.0,78643200.0,relu,1769996288.0,"[1, 2, 4, 8, 16, 32]",cuda,config/devices/cuda.yaml,0.0,,pretrained-trt,[128],10.0,1.4137476682662962e-06,87056449536.0,1769996288.0,bert,config/models/transformers.yaml,1.0,2080Ti,1.0,0.0,experiments/pretrained,135.0,109482240.0,109482240.0,0.0,0.0,0.0,0.0,0.0,0.0,0.0,,,,,,,,,,,,,,,,
,,37.0,0.0,73.0,173955612672.0,25.0,157286400.0,relu,1769996288.0,"[1, 2, 4, 8, 16, 32]",cuda,config/devices/cuda.yaml,0.0,,pretrained-trt,[128],10.0,1.3910233974456784e-06,174112899072.0,1769996288.0,bert,config/models/transformers.yaml,1.0,2080Ti,1.0,0.0,experiments/pretrained,135.0,109482240.0,109482240.0,0.0,0.0,0.0,0.0,0.0,0.0,0.0,,,,,,,,,,,,,,,,
,,37.0,0.0,73.0,347911225344.0,25.0,314572800.0,relu,1908408320.0,"[1, 2, 4, 8, 16, 32]",cuda,config/devices/cuda.yaml,0.0,,pretrained-trt,[128],10.0,9.372830390930176e-07,348225798144.0,1908408320.0,bert,config/models/transformers.yaml,1.0,2080Ti,1.0,0.0,experiments/pretrained,135.0,109482240.0,109482240.0,0.0,0.0,0.0,0.0,0.0,0.0,0.0,,,,,,,,,,,,,,,,
,,13.0,0.0,36.0,5435817984.0,13.0,5111808.0,relu,1086324736.0,"[1, 2, 4, 8, 16, 32]",cuda,config/devices/cuda.yaml,0.0,,pretrained-trt,[128],10.0,8.929520845413208e-07,5440929792.0,1086324736.0,distilbert,config/models/transformers.yaml,1.0,2080Ti,1.0,0.0,experiments/pretrained,62.0,66362880.0,66362880.0,0.0,0.0,0.0,0.0,0.0,0.0,0.0,,,,,,,,,,,,,,,,
,,13.0,0.0,36.0,10871635968.0,13.0,10223616.0,relu,1371537408.0,"[1, 2, 4, 8, 16, 32]",cuda,config/devices/cuda.yaml,0.0,,pretrained-trt,[128],10.0,1.4577060937881468e-06,10881859584.0,1371537408.0,distilbert,config/models/transformers.yaml,1.0,2080Ti,1.0,0.0,experiments/pretrained,62.0,66362880.0,66362880.0,0.0,0.0,0.0,0.0,0.0,0.0,0.0,,,,,,,,,,,,,,,,
,,13.0,0.0,36.0,21743271936.0,13.0,20447232.0,relu,1371537408.0,"[1, 2, 4, 8, 16, 32]",cuda,config/devices/cuda.yaml,0.0,,pretrained-trt,[128],10.0,1.3843178749084474e-06,21763719168.0,1371537408.0,distilbert,config/models/transformers.yaml,1.0,2080Ti,1.0,0.0,experiments/pretrained,62.0,66362880.0,66362880.0,0.0,0.0,0.0,0.0,0.0,0.0,0.0,,,,,,,,,,,,,,,,
,,13.0,0.0,36.0,43486543872.0,13.0,40894464.0,relu,1371537408.0,"[1, 2, 4, 8, 16, 32]",cuda,config/devices/cuda.yaml,0.0,,pretrained-trt,[128],10.0,1.5009194612503047e-06,43527438336.0,1371537408.0,distilbert,config/models/transformers.yaml,1.0,2080Ti,1.0,0.0,experiments/pretrained,62.0,66362880.0,66362880.0,0.0,0.0,0.0,0.0,0.0,0.0,0.0,,,,,,,,,,,,,,,,
,,13.0,0.0,36.0,86973087744.0,13.0,81788928.0,relu,1371537408.0,"[1, 2, 4, 8, 16, 32]",cuda,config/devices/cuda.yaml,0.0,,pretrained-trt,[128],10.0,1.3798475265502927e-06,87054876672.0,1371537408.0,distilbert,config/models/transformers.yaml,1.0,2080Ti,1.0,0.0,experiments/pretrained,62.0,66362880.0,66362880.0,0.0,0.0,0.0,0.0,0.0,0.0,0.0,,,,,,,,,,,,,,,,
,,13.0,0.0,36.0,173946175488.0,13.0,163577856.0,relu,1421869056.0,"[1, 2, 4, 8, 16, 32]",cuda,config/devices/cuda.yaml,0.0,,pretrained-trt,[128],10.0,1.4863908290863037e-06,174109753344.0,1421869056.0,distilbert,config/models/transformers.yaml,1.0,2080Ti,1.0,0.0,experiments/pretrained,62.0,66362880.0,66362880.0,0.0,0.0,0.0,0.0,0.0,0.0,0.0,,,,,,,,,,,,,,,,
,,61.0,0.0,84.0,8266973184.0,29.0,7471104.0,relu,1390411776.0,"[1, 2, 4, 8, 16, 32]",cuda,config/devices/cuda.yaml,0.0,,pretrained-trt,[128],10.0,8.732080459594727e-07,8274444288.0,1390411776.0,funnel_transformer,config/models/transformers.yaml,1.0,2080Ti,1.0,0.0,experiments/pretrained,174.0,130973184.0,130973184.0,0.0,0.0,0.0,0.0,0.0,0.0,0.0,,,,,,,,,,,,,,,,
,,61.0,0.0,84.0,16533946368.0,29.0,14942208.0,relu,1971322880.0,"[1, 2, 4, 8, 16, 32]",cuda,config/devices/cuda.yaml,0.0,,pretrained-trt,[128],10.0,8.881092071533203e-07,16548888576.0,1971322880.0,funnel_transformer,config/models/transformers.yaml,1.0,2080Ti,1.0,0.0,experiments/pretrained,174.0,130973184.0,130973184.0,0.0,0.0,0.0,0.0,0.0,0.0,0.0,,,,,,,,,,,,,,,,
,,61.0,0.0,84.0,33067892736.0,29.0,29884416.0,relu,1971322880.0,"[1, 2, 4, 8, 16, 32]",cuda,config/devices/cuda.yaml,0.0,,pretrained-trt,[128],10.0,8.374452590942383e-07,33097777152.0,1971322880.0,funnel_transformer,config/models/transformers.yaml,1.0,2080Ti,1.0,0.0,experiments/pretrained,174.0,130973184.0,130973184.0,0.0,0.0,0.0,0.0,0.0,0.0,0.0,,,,,,,,,,,,,,,,
,,61.0,0.0,84.0,66135785472.0,29.0,59768832.0,relu,1971322880.0,"[1, 2, 4, 8, 16, 32]",cuda,config/devices/cuda.yaml,0.0,,pretrained-trt,[128],10.0,9.01147723197937e-07,66195554304.0,1971322880.0,funnel_transformer,config/models/transformers.yaml,1.0,2080Ti,1.0,0.0,experiments/pretrained,174.0,130973184.0,130973184.0,0.0,0.0,0.0,0.0,0.0,0.0,0.0,,,,,,,,,,,,,,,,
,,61.0,0.0,84.0,132271570944.0,29.0,119537664.0,relu,1996488704.0,"[1, 2, 4, 8, 16, 32]",cuda,config/devices/cuda.yaml,0.0,,pretrained-trt,[128],10.0,8.527189493179324e-07,132391108608.0,1996488704.0,funnel_transformer,config/models/transformers.yaml,1.0,2080Ti,1.0,0.0,experiments/pretrained,174.0,130973184.0,130973184.0,0.0,0.0,0.0,0.0,0.0,0.0,0.0,,,,,,,,,,,,,,,,
,,61.0,0.0,84.0,264543141888.0,29.0,239075328.0,relu,2197815296.0,"[1, 2, 4, 8, 16, 32]",cuda,config/devices/cuda.yaml,0.0,,pretrained-trt,[128],10.0,8.944422006607053e-07,264782217216.0,2197815296.0,funnel_transformer,config/models/transformers.yaml,1.0,2080Ti,1.0,0.0,experiments/pretrained,174.0,130973184.0,130973184.0,0.0,0.0,0.0,0.0,0.0,0.0,0.0,,,,,,,,,,,,,,,,
,,4.0,0.0,8.0,10884808704.0,3.0,9502720.0,relu,864026624.0,"[1, 2, 4, 8, 16, 32]",cuda,config/devices/cuda.yaml,0.0,,pretrained-trt,[128],10.0,9.022653102874755e-07,10894311424.0,864026624.0,albert,config/models/transformers.yaml,1.0,2080Ti,1.0,0.0,experiments/pretrained,15.0,11683584.0,11683584.0,0.0,0.0,0.0,0.0,0.0,0.0,0.0,,,,,,,,,,,,,,,,
,,4.0,0.0,8.0,21769617408.0,3.0,19005440.0,relu,924844032.0,"[1, 2, 4, 8, 16, 32]",cuda,config/devices/cuda.yaml,0.0,,pretrained-trt,[128],10.0,1.7777085304260253e-06,21788622848.0,924844032.0,albert,config/models/transformers.yaml,1.0,2080Ti,1.0,0.0,experiments/pretrained,15.0,11683584.0,11683584.0,0.0,0.0,0.0,0.0,0.0,0.0,0.0,,,,,,,,,,,,,,,,
,,4.0,0.0,8.0,43539234816.0,3.0,38010880.0,relu,924844032.0,"[1, 2, 4, 8, 16, 32]",cuda,config/devices/cuda.yaml,0.0,,pretrained-trt,[128],10.0,1.7117708921432497e-06,43577245696.0,924844032.0,albert,config/models/transformers.yaml,1.0,2080Ti,1.0,0.0,experiments/pretrained,15.0,11683584.0,11683584.0,0.0,0.0,0.0,0.0,0.0,0.0,0.0,,,,,,,,,,,,,,,,
,,4.0,0.0,8.0,87078469632.0,3.0,76021760.0,relu,975175680.0,"[1, 2, 4, 8, 16, 32]",cuda,config/devices/cuda.yaml,0.0,,pretrained-trt,[128],10.0,1.800805330276489e-06,87154491392.0,975175680.0,albert,config/models/transformers.yaml,1.0,2080Ti,1.0,0.0,experiments/pretrained,15.0,11683584.0,11683584.0,0.0,0.0,0.0,0.0,0.0,0.0,0.0,,,,,,,,,,,,,,,,
,,4.0,0.0,8.0,174156939264.0,3.0,152043520.0,relu,1075838976.0,"[1, 2, 4, 8, 16, 32]",cuda,config/devices/cuda.yaml,0.0,,pretrained-trt,[128],10.0,1.80266797542572e-06,174308982784.0,1075838976.0,albert,config/models/transformers.yaml,1.0,2080Ti,1.0,0.0,experiments/pretrained,15.0,11683584.0,11683584.0,0.0,0.0,0.0,0.0,0.0,0.0,0.0,,,,,,,,,,,,,,,,
,,4.0,0.0,8.0,348313878528.0,3.0,304087040.0,relu,1277165568.0,"[1, 2, 4, 8, 16, 32]",cuda,config/devices/cuda.yaml,0.0,,pretrained-trt,[128],10.0,9.428709745407104e-07,348617965568.0,1277165568.0,albert,config/models/transformers.yaml,1.0,2080Ti,1.0,0.0,experiments/pretrained,15.0,11683584.0,11683584.0,0.0,0.0,0.0,0.0,0.0,0.0,0.0,,,,,,,,,,,,,,,,
,,25.0,0.0,109.0,43487133696.0,25.0,39321600.0,relu,1528823808.0,"[1, 2, 4, 8, 16, 32]",cuda,config/devices/cuda.yaml,0.0,,pretrained-trt,[128],10.0,9.581446647644043e-07,43526455296.0,1528823808.0,longformer,config/models/transformers.yaml,1.0,2080Ti,1.0,0.0,experiments/pretrained,159.0,148659456.0,148659456.0,0.0,0.0,0.0,0.0,0.0,0.0,0.0,,,,,,,,,,,,,,,,
,,25.0,0.0,109.0,86974267392.0,25.0,78643200.0,relu,2105540608.0,"[1, 2, 4, 8, 16, 32]",cuda,config/devices/cuda.yaml,0.0,,pretrained-trt,[128],10.0,9.924173355102536e-07,87052910592.0,2105540608.0,longformer,config/models/transformers.yaml,1.0,2080Ti,1.0,0.0,experiments/pretrained,159.0,148659456.0,148659456.0,0.0,0.0,0.0,0.0,0.0,0.0,0.0,,,,,,,,,,,,,,,,
,,25.0,0.0,109.0,173948534784.0,25.0,157286400.0,relu,2696937472.0,"[1, 2, 4, 8, 16, 32]",cuda,config/devices/cuda.yaml,0.0,,pretrained-trt,[128],10.0,9.533017873764038e-07,174105821184.0,2696937472.0,longformer,config/models/transformers.yaml,1.0,2080Ti,1.0,0.0,experiments/pretrained,159.0,148659456.0,148659456.0,0.0,0.0,0.0,0.0,0.0,0.0,0.0,,,,,,,,,,,,,,,,
,,25.0,0.0,109.0,347897069568.0,25.0,314572800.0,relu,3055550464.0,"[1, 2, 4, 8, 16, 32]",cuda,config/devices/cuda.yaml,0.0,,pretrained-trt,[128],10.0,9.47713851928711e-07,348211642368.0,3055550464.0,longformer,config/models/transformers.yaml,1.0,2080Ti,1.0,0.0,experiments/pretrained,159.0,148659456.0,148659456.0,0.0,0.0,0.0,0.0,0.0,0.0,0.0,,,,,,,,,,,,,,,,
,,25.0,0.0,109.0,695794139136.0,25.0,629145600.0,relu,4171235328.0,"[1, 2, 4, 8, 16, 32]",cuda,config/devices/cuda.yaml,0.0,,pretrained-trt,[128],10.0,1.046806573867798e-06,696423284736.0,4171235328.0,longformer,config/models/transformers.yaml,1.0,2080Ti,1.0,0.0,experiments/pretrained,159.0,148659456.0,148659456.0,0.0,0.0,0.0,0.0,0.0,0.0,0.0,,,,,,,,,,,,,,,,
,,25.0,0.0,109.0,1391588278272.0,25.0,1258291200.0,relu,6394216448.0,"[1, 2, 4, 8, 16, 32]",cuda,config/devices/cuda.yaml,0.0,,pretrained-trt,[128],10.0,9.596347808837894e-07,1392846569472.0,6394216448.0,longformer,config/models/transformers.yaml,1.0,2080Ti,1.0,0.0,experiments/pretrained,159.0,148659456.0,148659456.0,0.0,0.0,0.0,0.0,0.0,0.0,0.0,,,,,,,,,,,,,,,,
,,49.0,0.0,361.0,2592079872.0,,,relu,903872512.0,"[1, 2, 4, 8, 16, 32]",cuda,config/devices/cuda.yaml,0.0,,pretrained-trt,[128],10.0,8.333474397659301e-07,2592079872.0,903872512.0,mobile_bert,config/models/transformers.yaml,1.0,2080Ti,1.0,0.0,experiments/pretrained,410.0,24581888.0,24581888.0,0.0,0.0,0.0,0.0,0.0,0.0,0.0,,,,,,,,,,,,,,,,
,,49.0,0.0,361.0,5184159744.0,,,relu,998244352.0,"[1, 2, 4, 8, 16, 32]",cuda,config/devices/cuda.yaml,0.0,,pretrained-trt,[128],10.0,2.5074928998947144e-06,5184159744.0,998244352.0,mobile_bert,config/models/transformers.yaml,1.0,2080Ti,1.0,0.0,experiments/pretrained,410.0,24581888.0,24581888.0,0.0,0.0,0.0,0.0,0.0,0.0,0.0,,,,,,,,,,,,,,,,
,,49.0,0.0,361.0,10368319488.0,,,relu,1010827264.0,"[1, 2, 4, 8, 16, 32]",cuda,config/devices/cuda.yaml,0.0,,pretrained-trt,[128],10.0,9.24617052078247e-07,10368319488.0,1010827264.0,mobile_bert,config/models/transformers.yaml,1.0,2080Ti,1.0,0.0,experiments/pretrained,410.0,24581888.0,24581888.0,0.0,0.0,0.0,0.0,0.0,0.0,0.0,,,,,,,,,,,,,,,,
,,49.0,0.0,361.0,20736638976.0,,,relu,1101004800.0,"[1, 2, 4, 8, 16, 32]",cuda,config/devices/cuda.yaml,0.0,,pretrained-trt,[128],10.0,9.82731580734253e-07,20736638976.0,1101004800.0,mobile_bert,config/models/transformers.yaml,1.0,2080Ti,1.0,0.0,experiments/pretrained,410.0,24581888.0,24581888.0,0.0,0.0,0.0,0.0,0.0,0.0,0.0,,,,,,,,,,,,,,,,
,,49.0,0.0,361.0,41473277952.0,,,relu,1101004800.0,"[1, 2, 4, 8, 16, 32]",cuda,config/devices/cuda.yaml,0.0,,pretrained-trt,[128],10.0,9.123235940933228e-07,41473277952.0,1101004800.0,mobile_bert,config/models/transformers.yaml,1.0,2080Ti,1.0,0.0,experiments/pretrained,410.0,24581888.0,24581888.0,0.0,0.0,0.0,0.0,0.0,0.0,0.0,,,,,,,,,,,,,,,,
,,49.0,0.0,361.0,82946555904.0,,,relu,1205862400.0,"[1, 2, 4, 8, 16, 32]",cuda,config/devices/cuda.yaml,0.0,,pretrained-trt,[128],10.0,9.022653102874755e-07,82946555904.0,1205862400.0,mobile_bert,config/models/transformers.yaml,1.0,2080Ti,1.0,0.0,experiments/pretrained,410.0,24581888.0,24581888.0,0.0,0.0,0.0,0.0,0.0,0.0,0.0,,,,,,,,,,,,,,,,
,,37.0,0.0,1.0,589824.0,1.0,393216.0,relu,1312817152.0,"[1, 2, 4, 8, 16, 32]",cuda,config/devices/cuda.yaml,0.0,,pretrained-trt,[128],10.0,8.881092071533203e-07,3405428736.0,1312817152.0,squeeze_bert,config/models/transformers.yaml,1.0,2080Ti,1.0,0.0,experiments/pretrained,123.0,51094272.0,51094272.0,0.0,0.0,0.0,0.0,0.0,0.0,0.0,,,,,,,,,,,,,12.0,7059456.0,72.0,3397386240.0
,,37.0,0.0,1.0,1179648.0,1.0,786432.0,relu,1530920960.0,"[1, 2, 4, 8, 16, 32]",cuda,config/devices/cuda.yaml,0.0,,pretrained-trt,[128],10.0,2.8111040592193604e-06,6810857472.0,1530920960.0,squeeze_bert,config/models/transformers.yaml,1.0,2080Ti,1.0,0.0,experiments/pretrained,123.0,51094272.0,51094272.0,0.0,0.0,0.0,0.0,0.0,0.0,0.0,,,,,,,,,,,,,12.0,14118912.0,72.0,6794772480.0
,,37.0,0.0,1.0,2359296.0,1.0,1572864.0,relu,1530920960.0,"[1, 2, 4, 8, 16, 32]",cuda,config/devices/cuda.yaml,0.0,,pretrained-trt,[128],10.0,1.4238059520721435e-06,13621714944.0,1530920960.0,squeeze_bert,config/models/transformers.yaml,1.0,2080Ti,1.0,0.0,experiments/pretrained,123.0,51094272.0,51094272.0,0.0,0.0,0.0,0.0,0.0,0.0,0.0,,,,,,,,,,,,,12.0,28237824.0,72.0,13589544960.0
,,37.0,0.0,1.0,4718592.0,1.0,3145728.0,relu,1530920960.0,"[1, 2, 4, 8, 16, 32]",cuda,config/devices/cuda.yaml,0.0,,pretrained-trt,[128],10.0,1.4413148164749145e-06,27243429888.0,1530920960.0,squeeze_bert,config/models/transformers.yaml,1.0,2080Ti,1.0,0.0,experiments/pretrained,123.0,51094272.0,51094272.0,0.0,0.0,0.0,0.0,0.0,0.0,0.0,,,,,,,,,,,,,12.0,56475648.0,72.0,27179089920.0
,,37.0,0.0,1.0,9437184.0,1.0,6291456.0,relu,1530920960.0,"[1, 2, 4, 8, 16, 32]",cuda,config/devices/cuda.yaml,0.0,,pretrained-trt,[128],10.0,1.48676335811615e-06,54486859776.0,1530920960.0,squeeze_bert,config/models/transformers.yaml,1.0,2080Ti,1.0,0.0,experiments/pretrained,123.0,51094272.0,51094272.0,0.0,0.0,0.0,0.0,0.0,0.0,0.0,,,,,,,,,,,,,12.0,112951296.0,72.0,54358179840.0
,,37.0,0.0,1.0,18874368.0,1.0,12582912.0,relu,1631584256.0,"[1, 2, 4, 8, 16, 32]",cuda,config/devices/cuda.yaml,0.0,,pretrained-trt,[128],10.0,1.391395926475525e-06,108973719552.0,1631584256.0,squeeze_bert,config/models/transformers.yaml,1.0,2080Ti,1.0,0.0,experiments/pretrained,123.0,51094272.0,51094272.0,0.0,0.0,0.0,0.0,0.0,0.0,0.0,,,,,,,,,,,,,12.0,225902592.0,72.0,108716359680.0
